#editor,wikiID
22,Graft
32,Quercusrobur
42,Ed Poor
51,Deb
62,Derek Ross
135,Fifelfoo
136,Sam Spade
143,TonyClarke
151,SimonP
158,Owen
163,Kevehs
180,Moriori
182,Anthony
217,Everyking
271,Nikodemos
280,Neutrality
332,Rich Farmbrough
336,Altenmann
371,Max rspct
383,Shanes
420,RJII
450,Silverback
453,Ahoerstemeier
476,Pokrajac
478,Harry491
479,Ultramarine
490,Nat Krause
493,Philwelch
514,Dralwik
535,LeeHunter
557,Hogeye
576,Wilfried Derksen
604,Graham87
609,Gadfium
615,Nirvana2013
629,Chobot
636,NWOG
683,Dannyno
727,MONGO
735,とある白い猫
759,Beland
777,RoyBoy
778,Jaranda
799,Aaron Schulz
877,AaronS
899,Wiki alf
903,Sunray
914,User2004
949,Lulu of the Lotus-Eaters
957,Titoxd
972,Marudubshinki
995,Infinity0
1033,Hetar
1044,Jpgordon
1066,Anonymous editor
1089,Art LaPella
1107,Tasc
1130,Vision Thing
1158,SmackBot
1159,Koavf
1174,Electionworld
1185,The JPS
1186,Rory096
1195,Andrew c
1206,Gwernol
1207,Cydebot
1222,Griot~enwiki
1232,Oberst
1247,Getcrunk
1312,RussBot
1351,Hongkyongnae
1358,WGee
1366,Ta bu shi da yu
1393,DTC
1435,Ryulong
1451,Ricky81682
1469,Centrx
1470,Anarcho-capitalism
1530,Khoikhoi
1533,Dwaipayanc
1563,Kurykh
1574,Antaeus Feldspar
1586,JLMadrigal
1597,Midnightblueowl
1608,MapsMan
1615,Jacob Haller
1646,Geni
1663,Th1rt3en
1670,LGagnon
1720,LOL
1738,Indon
1777,Skomorokh
1794,Dekimasu
1808,Gomm
1832,Ohnoitsjamie
1878,Operation Spooner
1908,TKD
1914,Earth
1929,Sundar
1930,Andy Marchbanks
1932,JayJasper
1935,Raul654
1943,Tazmaniacs
1982,ClueBot
1988,Green Giant
1995,Closedmouth
1996,Carolmooredc
2003,CambridgeBayWeather
2052,Malik Shabazz
2059,Arbor to SJ
2081,Doomsday28
2098,Modernist
2113,Otolemur crassicaudatus
2114,Happy-melon
2129,YellowMonkey
2134,JeremyA
2166,Efe
2204,TheOldJacobite
2246,Fram
2292,Parkwells
2296,AlexiusHoratius
2330,Thingg
2415,Spylab
2454,RolandR
2460,Jrtayloriv
2464,Kosebamse
2482,Spidern
2498,Eduen
2501,AnomieBOT
2528,Numbo3-bot
2537,Dbachmann
2560,Cybercobra
2563,Xqbot
2564,Thumperward
2579,NuclearWarfare
2589,Soxwon
2593,JJARichardson
2596,A8UDI
2604,Battlecry
2608,R'n'B
2625,Thijs!bot
2641,Neelix
2660,Gogo Dodo
2661,Prolog
2674,ArthurBot
2677,Alexbot
2711,BigK HeX
2723,Blue-Haired Lawyer
2726,AtticusX
2727,EmausBot
2762,WikitanvirBot
2768,ClueBot NG
2777,Yobot
2785,Darkstar1st
2793,Tbhotch
2796,KamikazeBot
2798,Luckas-bot
2805,Magioladitis
2814,CWenger
2835,Bongwarrior
2860,Byelf2007
2928,Hcobb
2929,Samil20
2936,Alph Bot
2946,One Night In Hackney
2968,ZéroBot
2973,Materialscientist
2982,Afterwriting
2988,Discospinster
3021,ChrisGualtieri
3037,Khazar2
3038,Addbot
3054,GoingBatty
3063,Yopienso
3074,Alexf
3078,Zzyzx11
3092,Redrose64
3095,RichardWeiss
3103,MisterDub
3108,Doc James
3119,John Reaves
3124,C.J. Griffin
3127,Flyer22
3168,Lihaas
3180,John
3192,Zozs
3214,Derek R Bullamore
3262,The Anome
3346,Dale Arnett
3375,Infrogmation
3393,TMC1982
3432,Sade
3463,Astanhope
3475,RK
3547,Ryan Norton
3562,PDH
3565,Lacrimosus
3653,Bcrowell
3672,Marskell
3749,Fastfission
3764,Jengod
3860,Zeraeph
4018,Fys
4033,Guliolopez
4037,SandyGeorgia
4045,Sandstein
4135,WLU
4277,Coemgenus
4278,Myasuda
4336,Joelr31
4391,TimVickers
4445,SouthernNights
4457,Dubhagan
4514,Doczilla
4516,Aude
4551,C.Fred
4554,Backin72
4585,Tariqabjotu
4602,ZimZalaBim
4623,Apostrophe
4651,Stephenb
4750,Golbez
4846,Eubulides
4858,BrokenSphere
4861,Canterbury Tail
4915,WhisperToMe
4943,WBardwin
4944,Derek.cashman
4959,Nandesuka
5019,Vanished user
5079,Kuru
5089,Circeus
5114,Onorem
5138,Thehelpfulone
5142,Lid
5179,Lilac Soul
5200,Orangemarlin
5249,Nahallac Silverwinds
5259,Ckatz
5280,AlphaEta
5346,Lawrencekhoo
5387,Tryptofish
5408,Explicit
5422,McSly
5427,Tempodivalse
5476,Akradecki
5492,Hohum
5495,AuburnPilot
5604,J Milburn
5654,J04n
5798,Bob98133
5872,Middle 8
5888,Jayen466
5901,MrMarmite
5921,Leuko
5963,Marek69
6079,Mattisse
6081,Doniago
6082,Fences and windows
6085,U5K0
6117,Avaya1
6124,Avicennasis
6146,K
6179,Kww
6203,LeadSongDog
6233,Diannaa
6287,Vsmith
6305,Ser Amantio di Nicolao
6350,Somedifferentstuff
6356,Tpbradbury
6357,DrKiernan
6363,Tezero
6392,Chiswick Chap
6395,Dr.K.
6396,Vjmlhds
6404,Acalamari
6407,Zad68
6412,JimWae
6417,Everymorning
6418,Leadwind
6421,QuackGuru
6447,Hordaland
6448,Martinevans123
6450,BattyBot
6476,Viriditas
6483,Casliber
6493,Al-Andalus
6500,SNUGGUMS
6528,William M. Connolley
6546,Patrick
6553,MPF
6557,Docu
6567,Kizor
6576,Mike s
6601,That Guy, From That Show!
6661,Katydidit
6695,RJHall
6715,OhanaUnited
6765,Andrewjlockley
6793,Amirobot
6857,JorisvS
6908,Kwamikagami
6952,Tom.Reding
6966,Montrealais
6999,Adam Bishop
7007,UtherSRG
7014,Henry Flower
7015,Merovingian
7135,Curps
7143,Nichalp
7145,Fourthords
7182,Gazpacho
7204,Malo
7205,Primetime
7217,Paroxysm
7226,Fg2
7237,Sceptre
7327,Alias Flood
7329,InShaneee
7349,Jossi
7353,Will Beback
7358,Lord Voldemort
7400,Irishguy
7408,Zzuuzz
7420,Arthur Rubin
7428,SomeHuman
7431,Gdo01
7438,Lexicon
7482,Severo
7510,FilipeS
7517,Nikola Smolenski
7532,VirtualDelight
7613,DDima
7624,Natalie Erin
7749,Brian0918
7766,Useight
7832,AgentPeppermint
7945,Esanchez7587
7994,Indubitably
8045,Ryūkotsusei
8066,Angr
8101,Pyrospirit
8179,Steven Crossin
8217,Matthewedwards
8226,JMyrleFuller
8371,FFMG
8403,DMacks
8423,GB fan
8429,XZeroBot
8513,Jojhutton
8536,Ezhiki
8545,Storm Rider
8568,TFBCT1
8622,Mandarax
8664,Courcelles
8666,Connormah
8743,Jéské Couriano
8767,Old Moonraker
8780,Ged UK
8781,Ceoil
8783,Favonian
8795,*Kat*
8806,Fnlayson
8909,GGT
8918,John Cline
9024,Wtmitchell
9067,North Atlanticist Usonian
9069,JYBot
9072,Moe Epsilon
9074,Future Perfect at Sunrise
9080,Gorobay
9087,Huntster
9120,Rmhermen
9141,Jiang
9298,Tom harrison
9308,Rjensen
9321,Brendan Moody
9355,JW1805
9370,George Ho
9443,RJN
9475,ElKevbo
9532,Gimmetrow
9534,Moncrief
9666,Joshua
9752,M C Y 1008
9930,Gerakibot
9940,Packerfansam
9952,Soumyasch
9998,Avala
10017,Majoreditor
10021,Wikidudeman
10071,Guest9999
10100,Woody
10112,Squids and Chips
10365,Husond
10405,Pigsonthewing
10497,Cashier freak
10661,Kralizec!
10702,Good Olfactory
10736,Mosmof
10753,ThaddeusB
10834,Elockid
10881,Student7
10921,JohnInDC
10935,CrazyC83
10962,RL0919
11026,Keraunoscopia
11318,AvicBot
11340,Dr. Blofeld
11426,Sp33dyphil
11463,Ohconfucius
11467,SilkTork
11487,AussieLegend
11524,Moxy
11539,Makecat-bot
11599,WarthogDemon
11684,Fat&Happy
11851,Stevietheman
11864,TerryAlex
11956,The Singing Badger
11969,Haiduc
11971,Djinn112
12144,Aldux
12161,Josiah Rowe
12192,SchmuckyTheCat
12236,TheMidnighters
12272,Kalathalan
12394,J Di
12442,AndyJones
12479,FayssalF
12559,T@nn
12822,Jons63
12843,AAA765
12874,Sthenel
12940,Edward321
12950,Scarian
12958,Captain panda
13014,Stephan Schulz
13100,Sephiroth BCR
13179,Frehley
13321,Escape Orbit
13434,Res2216firestar
13772,Jmlk17
13942,Malleus Fatuorum
14118,RedBot
14133,Snowded
14300,Nikkimaria
14336,TheRedPenOfDoom
14450,Boleyn
14533,Rtkat3
14679,AmericanCentury21
14698,Marcus2
14710,David Gerard
14733,Gamaliel
14762,Kevin Myers
14872,SNIyer1
15066,Hlj
15124,Jayjg
15226,Andrevan
15282,Angelic Wraith
15345,Simon Beavis
15411,Polarscribe
15492,Goodoldpolonius2
15506,LifeStar
15567,La goutte de pluie
15572,BrokenSegue
15634,Deckiller
15659,Madchester
15773,Ted Wilkes
15775,Musical Linguist
15848,Maxamegalon2000
16023,Joshbuddy
16053,Syrthiss
16143,Pepsidrinka
16258,RadioKirk
16611,Jack O'Lantern
16646,BusterD
16673,Thomas Paine1776
16684,Stan2525
16692,Bart Versieck
16711,Treybien
16817,NewTestLeper79
16830,Selmo
16880,Chensiyuan
16884,Fred J
16898,Morwen
16913,Jersyko
16928,Settler
16949,The Rogue Penguin
17083,UBeR
17252,Dppowell
17279,BlazeTheMovieFan
17355,Fireplace
17385,Scifiintel
17386,Happyme22
17400,BanyanTree
17425,CJ
17454,Rutherfordjigsaw
17457,Trödel
17469,Bytwerk
17470,LordHarris
17483,Enbob89
17492,Biruitorul
17508,Hoponpop69
17522,Faithlessthewonderboy
17552,SimonATL
17560,Angelofdeath275
17567,Psantora
17633,Daniel J. Leivick
17704,Gary
17711,Happy138
17761,TheDJ
17775,Hertz1888
17780,Pseudo-Richard
17807,Loodog
17814,BullRangifer
17822,LonelyMarble
17826,Karanacs
17832,Jimmuldrow
17890,WikiLaurent
17895,Wildhartlivie
17923,Rodhullandemu
17969,Peregrine Fisher
17973,BillTunell
18001,Nymf
18010,Gwillhickers
18058,SlimVirgin
18070,Hoppyh
18082,Y2kcrazyjoker4
18087,SMasters
18093,Alanscottwalker
18095,The Utahraptor
18097,AaronY
18110,SusanLesch
18114,Cmguy777
18116,Editor182
18148,Anythingyouwant
18151,Guy546
18152,Redthoreau
18155,Brad101
18156,Magicpiano
18176,UnitedStatesian
18181,Therequiembellishere
18197,Epicadam
18201,TheVirginiaHistorian
18202,Edokter
18207,Ratemonth
18211,Lecen
18212,Shearonink
18223,Quarkgluonsoup
18236,Mais oui!
18259,KrytenKoro
18281,Bossanoven
18283,Scolaire
18285,Piotrus
18297,Mtminchi08
18299,Yellowdesk
18303,Epeefleche
18308,Hazhk
18316,Surge elec
18352,P3Y229
18357,GabeMc
18365,FutureTrillionaire
18370,The Wookieepedian
18371,Str1977
18413,Artichoker
18441,Fyunck(click)
18486,TakuyaMurata
18644,Blueskyboris
18645,Noisy
18709,Leandrod
18794,Gyrofrog
18848,Zereshk
18992,Mel Etitis
18998,LaszloWalrus
19142,Special-T
19164,Downwards
19172,Giovanni33
19238,Viewfinder
19262,Matthew
19469,CalendarWatcher
19716,Filll
19721,Boffob
19749,Evb-wiki
19829,TangentCube
19836,Tanaats
20116,Poindexter Propellerhead
20129,Yannismarou
20267,Barneca
20318,Anthony Appleyard
20398,Mig77
20522,Gprince007
20573,MrBosnia
20823,Hobartimus
20868,Oreo Priest
20890,Xeno
20915,OnBeyondZebrax
20936,AreJay
20986,Gabr-el
21088,Ev
21113,Nishidani
21357,TimidGuy
21433,CocuBot
21436,Miradre
21481,タチコマ robot
21512,Ignatzmice
21537,Shii
21543,Ebyabe
21549,GregKaye
21561,Sabrebd
21577,Greco22
21591,Rossrs
21597,Tregoweth
21615,ILike2BeAnonymous
21674,Adavidb
21702,Stormie
21724,Fbv65edel
21733,MarnetteD
21755,Pejorative.majeure
21760,Flami72
21761,Ssilvers
21764,Qwghlm
21802,SnapSnap
21816,Bovineboy2008
21847,Cloudz679
21848,Rusted AutoParts
21855,Jedi94
21919,Cantus
21928,Blue387
21998,Forbsey
22004,Idleguy
22067,Wikipedical
22097,Wahkeenah
22187,Yamla
22368,Mrschimpf
22588,Loren36
22663,Zleitzen
22769,Stanley011
22862,Chrishmt0423
22869,Scorpion0422
22923,Deacon of Pndapetzim
22944,SpikeJones
22945,Limetolime
23109,Jhsounds
23126,NYScholar
23140,Cliff smith
23155,Tomeasy
23160,Cesevern
23173,CieloEstrellado
23248,Darrenhusted
23337,JesseRafe
23347,Jagged 85
23372,Rjanag
23441,Secret Saturdays
23499,Drmargi
23508,Cosmic Latte
23547,TAnthony
23656,Pointer1
23771,Sjones23
23836,HJ Mitchell
23905,Oknazevad
23923,IanManka
23968,EVula
24030,ViperSnake151
24035,Pistachio disguisey
24040,Blahblah32blahblah
24112,AldezD
24115,Unreal7
24144,Quentin X
24237,Kennvido
24262,Trainfan01
24300,Rsrikanth05
24331,LM2000
24335,Haberstr
24361,Erik
24376,Denniss
24505,GermanJoe
24545,Binksternet
24640,Zagalejo
24686,WikiLeon
24813,TuHan-Bot
24916,Alienus
24923,FWBOarticle
24925,Jeff3000
25006,WAS 4.250
25040,Stardust8212
25131,Lapaz
25415,MerlIwBot
25515,Chealer
25533,LudicrousTripe
25541,Teammm
25554,Sunrise
25670,Hemanshu
25715,Chuck F
25733,Ds13
25771,Kaisershatner
25840,Alex Bakharev
26024,Localzuk
26300,DAGwyn
26327,Severa
26390,Scepia
26409,Yeanold Viskersenn
26461,Random user 39849958
26549,Vapour
26570,Idag
26606,Kelly
26613,TallNapoleon
26644,Russavia
26664,Kjaer
26740,JDPhD
26780,Theleftorium
26797,Cerejota
26823,Collect
26972,Light show
26976,DarknessBot
27047,Sandman888
27231,W guice
27268,Rillian
27326,Baseball Bugs
27382,The Artist AKA Mr Anonymous
27418,Polisher of Cobwebs
27505,Medeis
27514,HectorMoffet
27536,Slushy9
27587,Mediran
27671,Arzel
27679,Adjwilley
27702,Lady Lotus
27810,Erutuon
27856,Mathsci
27858,Esrever
27862,Asyndeton
27930,GoPurpleNGold24
27931,Tinton5
28025,Hardouin
28054,PZFUN
28102,DD Ting
28151,Nightstallion
28214,Yom
28220,E Pluribus Anthony
28227,Aivazovsky
28260,Marianocecowski
28272,Polaron
28318,Extraordinary Machine
28330,JRSP
28447,Ybgursey
28520,Hemlock Martinis
28542,NSR77
28561,FAH1223
28563,Sintaku
28883,Gilabrand
28922,Anetode
29009,Rama
29024,JediLofty
29060,TubularWorld
29077,Baa
29132,Tenebrae
29194,Kansas Bear
29217,Bazonka
29382,The Tom
29396,Nikkul
29409,Muro Bot
29461,IJA
29476,MilborneOne
29524,Hattar393
29530,Conte di Cavour
29549,Izzedine
29556,Antipastor
29617,GlassCobra
29627,Blaxthos
29654,Athenean
29732,Mindmatrix
29740,Ryoung122
29776,Jack Merridew
29831,Middayexpress
29833,Biker Biker
29862,Evlekis
29932,DaGizza
30036,Brutaldeluxe
30046,Nicksss93
30066,MatthewVanitas
30084,Wipsenade
30095,HelloAnnyong
30100,HonorTheKing
30132,Chipmunkdavis
30178,Kudzu1
30256,Jeancey
30333,FunkMonk
30365,Chaheel Riens
30446,MrX
30463,Danlaycock
30528,Muffin Wizard
30534,Underlying lk
30575,Govvy
30714,Blondeguynative
30743,Theparties
30757,Stumink
30790,Wanishahrukh
30855,EvergreenFir
30916,WeijiBaikeBianji
30990,Savvyjack23
31001,Haldraper
31019,Ugog Nizdast
31281,Redirect fixer
31438,Slrubenstein
31595,Duncharris
31598,Jhurlburt
31651,FT2
31670,Arbor
31719,Robotforaday
31958,Postoak
32104,Mazca
32107,Tvoz
32122,Papa November
32339,Alpha Centaury
32371,Fortdj33
32551,PL290
32596,Maunus
32708,Cambalachero
32871,Gilderien
32949,Labattblueboy
33062,Dancter
33184,Bollyjeff
33228,Bradeos Graphon
33241,Humus sapiens
33260,GeneralPatton
33265,Avenue
33345,Stbalbach
33490,Benten
33590,Mistamagic28
33623,PS2pcGAMER
33663,J.J.Sagnella
33677,RevolverOcelotX
33724,Hotwiki
33764,Ragib
33776,Thunderboltz
33821,Codex Sinaiticus
34304,Axem Titanium
34458,Bonadea
34574,I9Q79oL78KiL0QTFHgyc
35045,John J. Bulten
35079,Chrism
35150,AgadaUrbanit
35185,Active Banana
35218,WickerGuy
35253,CowboySpartan
35344,Zloyvolsheb
35597,Reddi
35617,Emperorbma
35710,Wallie
35725,Bigbluefish
35778,JuJube
35837,X201
35985,Michig
36032,Mcelite
36108,Serendipodous
36151,Spellcast
36230,IllaZilla
36348,Vanished User 1004
36935,MikeLynch
37014,Gap9551
37042,Bruce1ee
37135,Canuckian89
37266,Tentinator
37343,Cwobeel
37470,Fountains of Bryn Mawr
37677,Msw1002
37692,Dabbler
37818,Greyhood
37907,Keithbob
37983,Ww
38855,Codename Lisa
38933,Faizhaider
38934,Dsimic
39073,Dharmabum420
39096,Cholmes75
39121,Aaru Bui
39146,Bryson109
39200,Guat6
39250,Caerwine
39252,Skeletor2112
39355,Chocolateboy
39381,Keyser Söze
39390,Minghong
39440,Ferkelparade
39594,Mdd4696
39610,JFred
39613,Valentinian
39622,Esn
39659,Haakon
39668,Shawnc
39702,A Man In Black
39902,Jmabel
40040,Gran2
40212,Okedem
40398,Sunderland06
40870,Emesik
40968,Jj98
41011,VanishedUserABC
41012,Carniolus
41250,TBrandley
41595,Angie Y.
41622,BorgQueen
41844,Edelmand
42203,Kusunose
42233,Oscarthecat
42280,The Haunted Angel
42508,Wisdom89
42533,TFOWR
42599,ChrisO~enwiki
42927,VernoWhitney
43464,TenTonParasol
43522,Arwel Parry
43655,Khaosworks
43850,Tennis expert
43944,JDG
43946,Crunch
44029,HJensen
44231,Wolbo
44304,Aspects
44498,NjardarBot
44533,Alonsornunez
44575,Alan16
44630,TJ Spyke
44666,Angryapathy
44706,CreativeSoul7981
44751,Salih
44787,Bloom6132
44850,KnowIG
44890,Myrmecophagous
44953,N7jain
44992,Mrf8128
45065,Aca Srbin
45161,Walter Görlitz
45183,Thetradge
45308,PotatoBot
45321,Kanguole
45441,TaivoLinguist
45700,Plek
45735,Grunners
45871,Formeruser0910
45894,Vsion
45947,AlanBarnet
45999,Mountolive
46146,Ace ETP
46206,Mezigue
46220,Raymond Cruise
46224,Kman543210
46238,Colchicum
46249,Lucy-marie
46331,Hires an editor
46447,Yorkshirian
46479,Hayden120
46542,Pristino
46565,Royalrec
46598,Night w
46644,Reenem
46650,Werldwayd
46677,Davejohnsan
46678,Thayts
46690,JLogan
46717,Cristiano Tomás
46798,Ww2censor
46829,FormerIP
46853,No such user
46984,SLBedit
47095,Igny
47270,TheJJJunk
47362,JustSomeRandomGuy32
47377,BilCat
47380,Skäpperöd
47499,Peregrine981
47594,Trey Stone
47597,Enochlau
47871,Alex Coiro~enwiki
48103,Roozbeh
48286,Zone46
48504,Daveswagon
48669,Bogdan~enwiki
48893,G.A.S
49024,Ward3001
49481,EmilJ
49983,TTN
49996,Mario777Zelda
50080,AnmaFinotera
50163,Sayerslle
50169,Unused000705
50197,Aoidh
50314,Bbb23
51079,Bidgee
51175,Scjessey
51191,DragonofFire
51521,Koldorogollo
51742,Uris
51792,JadziaLover
51870,AlistairMcMillan
51940,AySz88
51947,JamesMLane
52076,Anger22
52159,Ufwuct
52164,BrendelSignature
52435,Jakew
52523,Zaian
52997,Miyokan
53055,CTF83!
53131,Saravask
53170,SorryGuy
53461,Skookum1
53679,TheHYPO
53687,ThinkBlue
53703,Rahzel
54111,Timmeh
54353,Wikien2009
5446,2over0
54509,Gunmetal Angel
54856,HkCaGu
54910,Sean.hoyland
54914,Keizers
54990,L1A1 FAL
55025,Prcc27
55256,Shaddack
55406,Arad
55517,Zarex
55542,Naus
55666,Merbabu
55694,Johnpseudo
55697,Drieakko
55753,Zero Gravity
56201,ReyBrujo
56364,Alarics
56588,Aircorn
56680,Jtalledo
56790,SQGibbon
56856,Mark Schierbecker
56857,Ealdgyth
56894,Ynhockey
57124,Roundtheworld
57231,William Harris
57399,Classicfilms
57543,Lumos3
57996,Yoenit
58100,YFdyh-bot
58112,Evanh2008
58143,Joshua Jonathan
58175,Carlos Rojas77
58260,PANONIAN
58285,ArtVandelay13
58433,Le Fou
58786,Cheeser1
58850,AshLin
59314,Vice regent
59371,SummerPhD
59494,Castncoot
59588,Baccyak4H
60123,Spinach Dip
60503,NerdyNSK
60601,Htonl
60677,Bill
60749,InedibleHulk
60813,Espoo
60881,Waacstats
61039,Nikki311
61132,Hermione1980
61333,Dp76764
61522,Padillah
61847,Mrzaius
61974,Ideogram
62051,HongQiGong
62093,Nat
62459,JuneGloom07
62654,Jamesx12345
62926,CaptainVindaloo
63210,Vuo
63468,KillerChihuahua
63626,Airplaneman
63629,PrincessofLlyr
64277,Steven J. Anderson
64490,Thiagoreis leon
64724,UNHchabo
64864,Pablo-flores
65042,Wyss
65104,Trekphiler
65128,Kencaesi
65178,Ryz05
65350,Dna-webmaster
65439,Minesweeper.007
65607,Kahastok
65990,Tooga
66046,SalopianJames
66202,Djln
66381,Parrot of Doom
66399,Leaky caldron
66400,Jivecat
66406,Andreasegde
66533,Wiki libs
66769,Soerfm
66809,SNAAAAKE!!
66836,Ckruschke
66921,Sroc
67009,Dematt
67060,StuartDD
67086,Jay32183
67379,Themanwithoutapast
67709,Zomic13
67923,Joowwww
68272,Bejinhan
68293,Penyulap
68380,Floydian
68523,Gidonb
68782,Jeffro77
68901,RashersTierney
69038,AMK152
69057,Wikipedia brown
69063,Malcolm
69266,Nergaal
69539,Andros 1337
69585,GimliDotNet
69639,Glrx
69805,Woodstone
69814,HighwayCello
69882,Homestarmy
70011,Latebird
70038,Ran
70056,Gligan
70101,Tarc
70103,Sfmammamia
70294,Orion11M87
70712,Alphathon
71591,Matthewprc
71675,AnemoneProjectors
71730,Sengkang
71791,Henrik
71956,Pmlineditor
72031,Jhenderson777
72154,Kr1st1deejay97
72304,Shock Brigade Harvester Boris
72369,Pinktulip
72448,Malick78
72577,Betty Logan
72588,PPdd
72635,Tomcat7
73057,Mad Hatter
73064,Yvesnimmo
73066,Ericorbit
73677,EEMIV
74343,Kevin McE
74609,Ahunt
74611,Geoff B
74623,Ospalh
74768,Twigboy
74788,New Age Retro Hippie
74846,Sesshomaru
75317,Musicpvm
75333,Dark Tichondrias
75550,Siddiqui
75851,Marcobadotti
75934,Corticopia
75935,Lukobe
76027,Bmg916
76644,Lakshmix
76656,ILVTW
76659,Da Vynci
76661,Pyl
76780,Readin
76867,L.vivian.richard
77104,Wikifan12345
77118,Journalist
77167,Olympic god
77328,King Zebu
77363,Oldag07
77379,Gregorik
77382,Michaelmas1957
77384,Tavatar
77402,ACSE
77444,Bazaan
77542,RegentsPark
77556,Lindenhurst Liberty
77563,Soffredo
77589,KazekageTR
77637,Rd232
77665,Pburka
77893,Eurocopter
77941,WATP
78279,Takeaway
78436,Jasenlee
78463,TaalVerbeteraar
78737,Iota
79001,Dúnadan
80094,HereToHelp
81003,MechBrowman
81035,The Ogre
81150,UberCryxic
81233,LestatdeLioncourt
81296,Zimbabweed
81351,Ramirez72
81363,RattleMan
81740,Alvesgaspar
81790,Sopher99
82047,Status
82372,Wuerzele
82455,LordSimonofShropshire
82681,Mackan79
82925,Parsecboy
82939,Arnoutf
82988,Mitsube
83113,Lothar von Richthofen
83179,Antique Rose
83217,Sarason
83225,Soundwaweserb
83345,Invadibot
83397,PedroPVZ
83428,Siafu
83467,CJK
83483,TSO1D
83577,BionicWilliam
83613,Publicus
83741,Ted87
83781,Rodrigogomespaixao
83802,Hintha
83821,Opinoso
84056,Califate123!
84092,SoSaysChappy
84269,Tibullus
84347,Qorilla
84455,Wctaiwan
84652,MaxBech1975
84738,Emeraude
84752,Aoi
84877,Jetstreamer
84952,YSSYguy
84986,Nick-D
85297,Debuskjt
85324,Power level (Dragon Ball)
85368,Chris 42
85415,Bobblehead
85690,Brambleclawx
86007,S-Ranger
86243,G2bambino
87015,Felipe Menegaz
87060,Malinaccier
87131,Curly Turkey
87229,GHcool
8740,5 albert square
87405,HappyVR
87605,Stevenj
87642,IsarSteve
87651,Nectarflowed
87721,Vaoverland
87880,Oberiko
88778,Remiel
89094,CynicalMe
89095,TEB728
89149,Lividore
89352,Imoeng
89424,Kingboyk
89446,Avraham
89565,SFC9394
89787,Tim1965
89974,JRSpriggs
89998,Otterpops
90045,Netscott
90220,Onetwo1
90273,George
90418,DCGeist
90439,Haha169
90452,Cordless Larry
90609,Ankitbhatt
90636,Bigweeboy
90677,Auntieruth55
90687,MadGeographer
90690,A Quest For Knowledge
90695,Mwelch
90703,Esterson
90806,Local hero
90814,Mr Alex
90831,Bmclaughlin9
90902,Second Quantization
90970,Jonny Nixon
91003,AntiqueReader
91006,JosephSpiral
91426,Tajik
91698,Cabolitae
91700,Beh-nam
91759,Zer0faults
91788,Tewfik
91859,NisarKand
91935,Pashtun
91958,Baristarim
92457,Chwyatt
92483,Fowler&fowler
92503,WWGB
92513,Afghana~enwiki
92533,Sssoul
92557,Jeni
92598,Jrkso
92606,Danieldis47
92615,Cptnono
92641,Abecedare
92718,Begoon
92779,JCAla
93001,R-41
93008,Mar4d
93029,SugarRat
93031,Jorge Koli
93080,TheTimesAreAChanging
93081,Hzh
93200,Mhhossein
93203,Technophant
93544,TodorBozhinov
93560,Sanmartin
93599,NeroN BG
93636,Hadžija
93651,Kilhan
93916,AdrianTM
94047,.mdk.
94197,Bg007
94317,Taulant23
94518,Buttons
94789,Tocino
95042,Tomica
95185,Tourbillon
95829,Irvi Hyka
96666,Portlannd
96742,Zora
96772,Striver
96988,ALM scientist
97185,Sa.vakilian
97282,Proabivouac
97283,Cloud02
97287,Itaqallah
97291,Yahel Guhan
97391,Jim62sch
97427,Arrow740
97443,Edgarde
97829,Tiamut
97862,DeCausa
98332,Marmoulak
98428,Kober
98611,MRSC
98654,Ssolbergj
98892,CaptainFugu
98979,Alessandro57
99056,Iryna Harpy
99060,Mick gold
99068,Hydrox
99103,Davey2010
99106,Rob984
99720,BhaiSaab
99856,JSH-alive
99921,John Smith's
99952,Endroit
100095,Beemer69
101106,Futurebird
101207,Melicans
101939,Sicilianmandolin
102013,Wasted Time R
102018,Theologiae
102414,BM
102470,NCdave
102593,Tznkai
102636,GordonWatts
102776,Goodandevil
103084,Pro-Lick
103137,Jefffire
103655,Rossnixon
103808,Alientraveller
103929,Fishiehelper2
103965,Dave souza
104070,SMP0328.
104085,Xandar
104120,Cripipper
104130,RexxS
104172,Gandydancer
104209,Hodgdon's secret garden
104215,Parent5446
104244,Mmann1988
104440,John-1107
104510,FuelWagon
104560,SamEV
104883,Provocateur
105746,Gpollock
106347,The Red Hat of Pat Ferrick
106767,Rwenonah
106781,UnbiasedVictory
106902,JuanRiley
106917,Blaue Max
107011,LightandDark2000
107055,SpacemanSpiff
108603,Cyphoidbomb
108668,Art Carlson
108861,Warren
108909,J Greb
109151,Zero1328
109212,Lou Sander
109480,Raj2004
110276,Carcharoth
110852,Bertilvidet
111223,Wrad
111224,El Greco
111282,Caniago
111675,Danbarnesdavies
111872,Seric2
111991,Marco polo
112162,PNW Raven
112242,Gtrbolivar
112276,IndianBio
112311,Action potential
112463,N. Harmonik
112535,Chris Pickett
112543,Drat
112552,JAF1970
112562,Czolgolz
112580,Lonewolf BC
112634,Chimpanzee
112640,Kung Fu Man
112652,Magnius
112775,Sergecross73
112785,The1337gamer
112848,Secret of success
114093,Vizjim
114274,Mattythewhite
114427,SteveBot
115002,TomStar81
115210,Muchi
115451,Seibzehn
115505,Papacha
115602,TheFarix
115645,Ned Scott
115670,Urutapu
115852,Dposse
115903,Poetic Decay
115918,Kyaa the Catlord
116051,GroovySandwich
116308,Erachima
116398,Trainra
116455,Silver Edge
116816,Xfansd
116829,Knowledgekid87
116902,Tommiks
116950,Bigdaddy1204
116987,Shuppiluliuma
116999,Metb82
117015,OttomanReference
117038,KeremTuncay
117079,Flavius Belisarius
117140,Res Gestæ Divi Augusti
117498,Cyperuspapyrus
117523,Namuslu
117655,Lord of Rivendell
117730,Esoglou
117797,NeoChaosX
118069,Magicalsaumy
118159,Halaqah
118381,BenB4
118556,NrDg
119070,Mohammad adil
119236,IANVS
119565,I7laseral
119671,Ashley thomas80
119760,LeoFrank
120398,Antrophica
120411,Downtownstar
120437,Jienum
120463,Demiurge
120940,Music2611
121149,Richard BB
121415,Radiopathy
121458,Rangoon11
121577,Mamalujo
121802,BaldBoris
122173,Batman2005
123660,Ultraviolet scissor flame
123683,Squash Racket
124974,Yaan
124983,Uthanc
125276,Wjmummert
125311,Steve
125518,Cnota
125606,Koertefa
125613,Til Eulenspiegel
125625,Alandeus
125639,D'Ranged 1
125667,Manos
125939,Kurzon
126594,Funeral
127703,Page Up
127733,Lear 21
127841,JPD
127879,Mkdw
128297,Peanut4
129386,Jaellee
129555,Hazelares
129618,A21sauce
129988,Wrp103
130588,Scieberking
131055,Jonathansuh
131141,ClassicOnAStick
131214,Marine 69-71
131322,Ctillier
132244,Notorious4life
132358,Eyas
133139,Leflyman
133307,Rama's Arrow
133679,Bzuk
134566,Vanished user 82345ijgeke4tg
134637,Antony1821
134863,Wbfergus
134918,Jingiby
135641,Havok
135859,Ian Rose
135944,Akhristov
136189,Banzai!
136250,Scrumshus
136488,GGreeneVa
136499,SKS2K6
136520,Kosmopolis
137154,DreamsAreMadeOf
137372,NcSchu
137443,Josh the Nerd
137543,Kurt Shaped Box
138094,Mythdon
138193,Sponge1987
138357,MB1972
138382,Derild4921
138432,Cameron Scott
138452,CorporateM
138496,Neuraxis
138539,GSK
138752,SimonLyall
138820,Galatz
138838,Phil A. Fry
138969,Ben MacDui
139314,UH Collegian
139753,David Fuchs
140825,GordonUS
140883,Robfergusonjr
140999,Miesianiacal
141081,Fladrif
141105,Villafanuk
141194,Alexb102072
141433,Design
141683,ChrisGriswold
142629,Jleon
142912,Allreet
143235,Brunton
143564,Monkeymanman
143594,RomaC
143994,Elizium23
144294,QuasyBoy
144549,Deathlibrarian
144616,Jonny2x4
144656,Maestro25
144756,TheOnlyOne12
145010,Deeceevoice
145932,Pretty Green
146770,Xtzou
146861,SiefkinDR
146998,Canadian Paul
147040,Gloriamarie
147464,Tóraí
147683,Vorash
147741,Red-Blue-White
148223,FraDany
148325,RattleandHum
148459,Refsworldlee
148614,AdrianRO
148902,Harout72
149160,Edkollin
149333,Bdell555
149406,The Stick Man
149503,Bluesatellite
149743,Phmoreno
149842,Chasewc91
149911,JennKR
150593,Irpen
150926,Giants2008
151132,ApprenticeFan
151135,Bdve
151291,Kasreyn
151482,Prototime
151531,Hyenaste
151868,Gnanapiti
152563,Mann jess
154052,Crestville
154063,Squirepants101
154433,Jac16888
155473,Cadmium
156136,Vb
156226,Iorek85
157765,Worldedixor
158061,Wiki-Ed
158098,SoM
159412,Emarsee
159971,Bobk
160067,Muscovite99~enwiki
160075,Lima
160190,Wikiz876
160561,T-dot
161400,UnDeRsCoRe
161430,ChrisB
162264,Literaturegeek
164004,HelenKMarks
164016,Ace Class Shadow
164039,Rhino131
164115,Lord Crayak
164151,Paulley
164182,NatGertler
164208,Spidey104
164213,-5-
164223,WesleyDodds
164329,ChrisTheDude
164551,Astrotrain
164975,Alf.laylah.wa.laylah
165015,Darkcore
165192,Wehwalt
165219,Croctotheface
165309,Gennarous
165475,Cs32en
165501,Kierzek
165546,Matu94
166060,Mrdthree
166843,Maitch
166912,WoodElf
167578,Egghead06
167657,The dark lord trombonator
167661,Leandrogfcdutra
168150,Bcnviajero
169043,Jack Upland
169276,Ed
170904,John Foxe
171317,Hippo43
171955,M2Ys4U
172231,KelleyCook
172615,Tmol42
172633,Pikawil
172980,MisterMorton
173032,Angmering
173169,HLGallon
173744,Belle Equipe
174109,Tcatron565
174874,Sesmith
174997,Nuttah
175488,Johanneum
175579,FPAtl
175690,Clay4president
175775,UnqstnableTruth
175853,NoseNuggets
175860,Camptown
176082,PseudoBot
176316,Ttonyb1
176364,Clay4president2
176531,Cbbkr
177449,Jmorrison230582
177464,Paul Siebert
177524,Vensatry
178699,Howard the Duck
178784,Tvtonightokc
178880,Chris Bulgin
179638,PeeJay2K3
180991,Ribbon Salminen
181202,SixteenBitJorge
181823,TopGun
181925,X42bn6
182660,Tremello
183218,Peter morrell
183304,Jim Burton
184661,NickOrnstein
185430,McPhail
186418,Irgendwer
186541,MX44
186601,Terjen
186697,Likeminas
186863,North8000
188564,Notmyrealname
189439,Lambanog
189852,Bornsommer
190507,Tehw1k1
190820,Maodhóg
191519,Historian 1000
191864,Wsiegmund
191867,Maccy69
192122,Alexbrn
192469,Cberlet
192949,Quaiqu
193194,Crum375
193370,Johnny Au
193567,A Sniper
193881,JokerXtreme
193890,Marokwitz
194364,SSZ
195675,NeilEvans
196981,Zachariel
197307,Robdurbar
197783,BRACK66
197800,Charlie Awesome
199054,Elf
199211,NancyHeise
199601,Hey jude, don't let me down
200254,Jackp
200426,WLRoss
200967,Ashton 29
202614,HK51
203057,Dogman15
204550,Atama
205654,Rockpocket
207019,Mccready
207063,Psiphiorg
207249,Seattle
207349,Boson
207632,Malevious
210072,DannyMuse
210185,Geg
210556,Rgbea
211796,GourangaUK
211892,Coppertwig
212162,Peter jackson
212274,Esteban.barahona
212303,Elected
213139,Ipstenu
216639,WayKurat
217025,Lantonov
218274,Eaglestorm
218359,Slatersteven
220499,Czyrko
221723,Geraldo Perez
222663,Ashill
222709,HarryAlffa
225135,Dragases
225183,Bobanny
225390,Pangrati7878
225402,BigGabriel555
225852,Supaman89
227425,Ilikeeatingwaffles
227448,Bleaney
227451,Michael Glass
228132,Sacca
229480,Homunq
230089,Coburnpharr04
230250,Lord Opeth
230274,Calibrador
230355,CAWylie
230429,Duffer1
232509,SiameseTurtle
233522,Asbl
233612,Azumanga1
233977,StarbucksMusic37
234716,Mercy11
234851,Impsswoon
235259,Beowulf314159
235515,Comicist
235664,Paul.h
235684,Renamed user Sloane
235849,Merzul
235894,Qp10qp
236014,CyberGhostface
237565,HiltonLange
237601,Lajbi
238160,Instantnood
238165,Mcy jerry
238570,Puhlaa
238927,Confession0791
239496,FeloniousMonk
240102,Count Iblis
241464,Damion
243620,Ronnotel
243709,Neon white
245527,TPIRFanSteve
245790,Mareklug
245796,K00bine
245890,Amarrg
246306,Asams10
246655,Ephery
248189,ROG5728
248995,Jiujitsuguy
249198,G PViB
250651,Windroff
251175,Sandpiper
251235,ANNAfoxlover
251466,QuasiAbstract
251800,Ashadeofgrey
253912,Bignole
254865,Alexlayer
256985,Struway2
257524,SSJ 5
259112,Jtmichcock
259121,Racklever
259558,Crossmr
260126,MikeAllen
260231,Limabeans
260729,Lostcaesar
260814,Caribbean H.Q.
262089,Nights Not End
262603,SelenaMusic14
266834,Prioryman
268215,Archola
268430,Narson
268580,Mussav
270754,KnowledgeHegemony
272421,Michaelsanders
274359,Tuvas
275108,Jeroen1961
275226,Kellen
275391,Legitimus
275528,Mceder
275761,Wv235
275792,Walloon
276691,Andrew J.Kurbiko
276751,Fenian Swine
276908,MCDRLx
277397,Rhain1999
277553,Wobble
279756,Tonster
280234,EdJogg
280319,Zanoni
280626,KNM
280702,Ytny
280745,Darkson
282631,Hixteilchen
282641,Venerock
282741,Ritchie333
283569,Steelbeard1
283733,Jandrews23jandrews23
284219,Saposcat
284265,Keivan.f
284946,Alexandros
285564,Silas S. Brown
285594,CorticoSpinal
285994,Mallexikon
286144,A1candidate
288320,Pentasyllabic
289107,SimonBillenness
291093,BrOnXbOmBr21
291180,Carioca
291213,Lynbarn
292012,Julian Grybowski
292511,Jza84
292539,Jameselmo
292575,Zvonko
292653,Orfen
294712,Ramsquire
295522,Belgium EO
295575,Fleetham
295630,Elphion
295637,Tom Reedy
295878,The Filmaker
297331,Ilya1166
297360,Vanished user 05
297406,Jkaharper
297518,Mosedschurte
297779,Timeshifter
299792,Shannernanner
303246,Elektrik blue 82
304241,Omer123hussain
304516,Format
304883,DanB DanD
305087,Jack-A-Roe
305624,JackSparrow Ninja
306956,Robotam
310456,Tupac13th
311968,Johnleeds1
312318,Amoruso
312864,Sethie
313465,KissL
314697,Namanbapna
317711,Josephew
318758,Appleby
320153,Gazkthul
320641,Flayer
321359,TR-BT
322660,Aarem
323572,Oldelpaso
324569,Rex071404
325581,Shakirfan
325869,Conquistador2k6
325931,Whataboutbob
326007,The Clawed One
326079,Eqdoktor
326161,A~enwiki
326767,Tayquan
326967,AdamDeanHall
326989,Mercenary2k
327004,Darth Knight
327018,Rahlgd
327067,DocOfSoc
327081,WhatGuy
327149,Jason1978
327228,HHH Pedrigree
327549,Zz414
329088,Garycompugeek
330101,David in DC
330206,ForestH2
333424,Plumcouch
333697,Shshshsh
333770,Yngvarr
333847,BOLLYWOOD DREAMZ
334651,Vanished user k3rmwkdmn4tjna3d
334683,Meryam90
334706,Krimuk90
334789,P-123
334841,AdamDobay
336976,Hughgr
336998,Homy
337028,Steth
337227,Fainites
337614,Vanished user kasjqwii3km4tkid
337667,Popcornduff
340962,MTLskyline
341096,Gunkarta
341140,Horst-schlaemma
341379,Meclee
341540,Rainmaker23
341833,ZS
343250,Cenwin88lee
343537,Taffe316
343891,CapDac
344064,RedRabbit1983
344516,Bov
345105,Mr T (Based)
345868,Nomenclator
346343,MartinGugino
347429,TDC
347651,TheYmode
34821,1ForTheMoney
348227,HanzoHattori
348368,Dalillama
348536,Rangeley
348707,Grant.Alpaugh
348982,Spawn3000
349455,DaisukeVulgar
355800,Fast track
356359,Yukirat
356685,Discordance
356691,Charmed36
357029,Rub rb
357182,Drovethrughosts
357528,Jasper23
357633,Jiffypopmetaltop
357843,Professor Ninja
359044,EMP
361589,M3tal H3ad
362173,Canada Jack
363022,Rcb1
363560,Halsteadk
363720,Peteb16
364810,DerbyCountyinNZ
366035,Pentawing
366095,AlexCovarrubias
367699,Hequals2henry
368441,Comandante
369070,Captain Obvious and his crime-fighting dog
369083,Angel caboodle
369187,NiciVampireHeart
369206,Zfish118
371343,Bretonbanquet
377001,Realist2
378197,Mr Christopher
378850,Jwad
381655,Schapel
383421,Celebration1981
384288,Weglinde
385496,Supermorff
386107,GetAgrippa
387100,Pal~enwiki
387923,StarScream1007
388525,Saget53
388919,Bman518
388991,Cantthinkofagoodname
3896,68.38.2.225
390237,Groink
390742,Pedrito
391240,Ken McRitchie
391283,Aquirata
391311,Piper Almanac
391320,Vorpal blade
391623,Raymond arritt
392049,Leasnam
392160,Littleolive oil
393022,Sox23
393482,Raul17
395217,Hrafn
395931,Kogsquinge
395943,SpongeSebastian
396099,Naruto134
397643,Bagumba
398033,Blackworm
398986,Daddy Kindsoul
399904,Bookkeeperoftheoccult
399981,Blackjays1
400221,Legolas2186
400471,Dan56
400496,Prayer for the wild at heart
400621,Arre 9
402677,FrankWSweet
402797,Maria202
403614,Cigraphix
403647,Xeeron
403796,Shoop85
403838,RightCowLeftCoast
403841,AmericanDad86
403843,TDKR Chicago 101
405492,Brhaspati
405749,Mark272
405977,SteveO
406445,Johnelwaq
406470,SenorKristobbal
406488,Alii h
406757,DethFromAbove
407076,Gokhantig
407233,Mikemor92
407317,ArsenalWiki
407335,Nufc2006
407412,XTomScottx
407668,Martin tamb
407672,Digirami
407679,Aciyokrocky
407713,MYS77
407866,ThisIsDanny
407893,Celticbhoy97
407904,TheGlasgaeJimmy
408022,Koncorde
411367,Kailash29792
413329,Nableezy
413429,Dave1185
413450,Duhon~enwiki
413943,Suitcivil133
415155,Rosywounds
415163,Telaviv1
415177,Jalapenos do exist
422075,Guyinblack25
422484,Legacypac
423409,Nanobear~enwiki
424072,Selecciones de la Vida
425996,NP Chilla
427589,Serpentnight
428285,Bytebear
429149,Secretaria
429470,Spiderone
429861,Archibald Leitch
430165,Adam4267
430262,BenficaNNossaPaixao
430551,Oakster
431285,Mirno
431790,Dbam
434734,KeptSouth
436032,Drake Clawfang
437113,Fractyl
437591,Trampikey
438677,Petrarchan47
439135,COGDEN
439543,Dtbrown
440940,NapHit
441000,Star Garnet
441436,Kante4
441579,Stalko
441595,BiHVolim
443402,Naveenji
443890,Cephas 405
444914,Dragonbooster4
445084,Yash!
445607,Vin09
446384,Shutterbug
446737,Audude08
446752,Mnw2000
446846,Flymeoutofhere
447518,Jasepl
447801,SempreVolando
447832,Snoozlepet
448144,JustPlaneEditing
448970,Scuro
449755,CanbekEsen
450033,Copperchair
450827,Zxcvbnm
451694,Majinvegeta
451782,VorangorTheDemon
452659,TheDeviantPro
456807,Allenstone
457305,Bentley Banana
458420,M.Mario
460770,HarryCane
463219,ZakuSage
463308,Alakey2010
464141,Homologeo
464182,Boab
464232,Skoojal
464695,Captain Crawdad
465497,Rye-96
465623,ThePromenader
467701,CBFan
467866,Noel baran
468685,ChadBC
468811,Diehard2k5
472141,Kyteto
472675,Vega84
474503,Ungtss
475966,Lil crazy thing
476061,Halbared
476346,MPJ-DK
476415,Odin's Beard
476781,Gavyn Sykes
476866,Wrestlinglover
477270,Dcheagle
477435,NJZombie
477791,State of Love and Trust
479133,Almosthonest06
480066,Zappernapper
485440,Caldorwards4
487071,Sarujo
487148,Ravave
488065,PetraSchelm
489363,StitchPedia
490082,Antarcticwik
491065,AcroX
491097,Andyvphil
491435,Nabil rais2008
491480,Mountaincirque
498132,Web kai2000
498967,Noreplyhaha
502034,Trysha
504227,Hydkat
504978,Phyo WP
508369,Winjay
512223,Ramdrake
515726,Ilir pz
515731,PaxEquilibrium
515915,Slovenski Volk
517846,And1987
517859,Angelic-alyssa
517928,Virogtheconq
517941,Nick R
518795,Yas121
518990,LamaLoLeshLa
522922,Icactus
525876,Onefortyone
527293,Mitsumasa
528476,Quizkajer
528481,Dd2
528496,JereKrischel
528520,Jagz
528646,Erasmussen
529691,Alpha Ursae Minoris
530473,DaveOinSF
530613,General Banzai
530634,Lam Kin Keung
531296,Brotherlawrence
531569,BlackCab
532063,MarphyBlack
532436,Orange Tuesday
532896,Electric Storm89
533723,BookDen
535198,Erath
535402,StrangerAtaru
535541,Goodraise
535603,Tintor2
535634,DragonZero
538914,Ian Fortuno
543231,Nightfall87
543726,Messirulez
545552,NewsAndEventsGuy
546663,MDfoo
546742,Zodiiak
547568,Thedemonhog
548609,Ophois
548618,ThuranX
548647,Sunfire Ranger
548989,Etron81
550275,Neoconfederate
550547,Hughstew
559925,Christo jones
560890,BernardaAlba
561802,Monicasdude
563926,Drogo Underburrow
565193,FinnishDriver
565309,KarlMathiessen
566541,Kizzle
566579,LILVOKA
566699,Hal Raglan
566927,LukeTH
567111,Sfufan2005
568042,Primogen
568387,Kelw
568391,K157
568458,Yume no Kishi
568501,Kristbg
568573,Truco
568704,Pedro thy master
573562,ACase0000
574291,Triggy
575860,Maddyfan
576172,Eternal Equinox
576272,Myrockstar
576392,Soapfan06
576397,Alankc
576419,Spuddy 17
576743,Britneyboy
576749,Kraft.
576905,Reidlos
576942,Oidia
577043,Rumble74
577061,Jak3m
577117,Eagle Owl
577212,Greatz00
577316,JKevin01
577393,Headstrong neiva
577562,Chronisgr
577659,Albes29
577677,Peter2012
577680,Jarajet89
577691,PhoenixPrince
577760,MariAna Mimi
577853,Kikkokalabud
577935,Jimarey
578010,Jayy008
578012,Petergriffin9901
578017,Randolph3
578048,PlatinumFire
578133,GenieOFbritney
578258,SeeWhatIGot
578288,DeadSend4
578330,Alexrace
578399,Liam0035
578408,Politsi
578410,HĐ
579108,Maester mensch
579934,English rosy
580570,Jesusmariajalisco
580622,Chronus
581221,HerFariasP
581265,Theryx7
583066,Opiner
585506,TonyMPNS
586552,Stevenwmccrary58
587859,AHeneen
588369,Siawase
590504,Dam!ta
590601,Juanacho
590627,LAUGH90
590976,Kekkomereq4
591215,Mister sparky
591473,Coolcoolmen16
593627,WellsSouth
595387,Arrowned
598511,Edgepedia
600919,Shmitra
601562,Sir Edgar
603257,Luthador
603393,Vanished user kjn lsr35kjhwertsek4
603632,Uck22
605804,YXN
611878,Ardeshire Babakan
612056,FeelSunny
612804,Mm.srb
615128,Doctor Boogaloo
616289,HistoricWarrior007
618162,ZiaLater
621150,PopUpPirate
621223,Gleng
623443,Trevdna
627683,Zonyx
627878,Teresa44
628153,Ringerfan23
634251,Darkwarriorblake
635754,Clindhartsen
636489,License2Kill
636631,Ahawowow
639650,Jeannedeba
639995,Ostap R
644719,Kensplanet
650381,Skywatcher68
654829,Camelglue22
655243,Dylan0513
659267,Miketm
662594,Hadger
665111,The Bread
672070,PikDig
672370,JCG33
673460,Oripaypaykim
679128,DawgDeputy
679585,TheNewMinistry
683872,Wikider
689781,The Raven's Apprentice
692420,Lukas19
692449,Tempest115
695648,Neovu79
699121,Yaksha
705256,Davidelit
710229,Hganesan
714814,Almanacer
718922,Ag97
722199,SaskatchewanSenator
724820,Holy Ganga
727779,Top Gun
731784,Dogville
732332,Red Deathy
732505,The Squicks
735559,JohnFromPinckney
737805,Nerdtrap
741073,Xenon54
743355,Jtrost
743972,DarkfireTaimatsu
744616,Diabound00
748888,Msalmon
748981,This is Drew
749007,Knownalias
749500,Tirronan
750852,Jacce
762204,Pabs
762332,Grahamuk
762527,Godgoddingham333
762596,Alucard 16
762884,Swanny92
763003,In23065
763828,Redpower94
764485,AndreAbrantes99
765148,Realityshowslover99
771670,Polaris999
772246,Raggz
778368,Thum Fel
780750,Saepe Fidelis
784163,MrMurph101
784433,Rikstar
784593,Atlantik
784737,MattTC1028
786003,Knight of Gloucestershire
786302,Sysrpl
791372,Jeffhardyred
798767,Peptuck
800073,Ss06470
801017,Naturalpsychology
801111,PKtm
804198,F-22 Raptored
811691,Fairfieldfencer
812282,Blake
812833,Josh Allain
813393,Candyfloss
816011,Capricornmanager1
816029,Kkowthamkumar
816139,Ghjjk62
816769,Kiwipat
817416,Cirrocumulus
819365,IE
819393,No-Bullet
819598,Tim198
820726,Keallu
820837,Alexcaban
824599,Jim101
825936,LSLM
828017,Darth NormaN
829412,SicaSunny
839042,Immblueversion
839155,Cornucopia
839264,Ccrashh
839396,Jpcase
839698,Markcambrone
840211,Maetch
840552,Yeldarb68
840758,SkrallAgori
842604,Maxcap
843034,Apostle12
846586,TipPt
847891,Founders4
848680,Ozzie10aaaa
854348,Zeq
857140,FC Toronto
857614,Klačko
858665,Master Spider
861398,Jvandyke
862921,Jimintheatl
863294,MindWraith
870827,Xover
872253,Ladislav Mecir
872630,Nickrj
878584,AlexTheWhovian
884162,MatthieuN
887485,Dr clave
888441,AndroidCat
890890,Paper Back Writer 23
894404,DocKino
895956,TrueHeartSusie3
896019,SuperFlanker
896313,Chacor
903937,Thesoxlost
905050,Soulscanner
905434,LokiiT
906677,Trapper
908462,HeBhagawan
913900,Liu Tao
917958,Camcallister
919221,STATicVapor
920598,Andysoh
923531,Giggett
935611,Zanthalon
943731,Knuckles sonic8
944989,DavidHOzAu
946201,Abby 82
946757,David A
950817,Ahnoneemoos
952580,Mr. Chicago
956061,Gunslinger47
956474,Kingj123
956554,Darknshadow
957077,Katmae05
961754,ColaXtra
962873,Wani
966408,Raymond Hill
971290,SkeenaR
971349,DCAnderson
975691,EkoGraf
979848,A.Garnet
983756,Camridge
985782,Spyder00Boi
986038,Insilvis
986055,Fyre2387
986082,Dezastru
986543,Dead Wrong
986678,A Knight Who Says Ni
990581,Cody7777777
993637,Israell
993922,Pazuzu567
994306,Everlast1910
1007610,U-Mos
1014314,Massyparcer
1015182,ParadoxBacklash
1020887,Minun
1021857,Smatprt
1032913,TRLIJC19
1034328,CourtneyBonnick
1034602,Tebibyte
1039822,East London Line
1044169,Retrohead
1046292,Chrisisinchrist
1046785,Chrisj8910
1050689,Ebonize christian
1051139,Merzbow
1058208,Redmen44
1066290,JonnyBonesJones
1082390,Steveo2
1103295,Henk65
1103520,Roland Deschain
1106273,Rusty5
1113510,Viewdrix
1115151,Momos
1118015,Andrewcrawford
1123174,WindFish
1124170,Sukecchi
1133624,ErleGrey
1153481,JTRH
1157807,Jackieboy87
1157978,Gune
1176462,Mike Teavee
1176917,JpGrB
1181141,Consulrjo
1192679,.:Alex:.
1198251,RC Master
1198882,T smitts
1199674,Fanzine999
1200919,Comps
1201978,LBM
1202380,Dodgechris
1202434,Rphr1987
1202663,Ooh, Fruity
1202726,Frickative
1204989,DownUnder555
1208376,Takuthehedgehog
12085,67.171.237.88
1210123,Robert the Bruce
1211194,Icemountain
1216534,HeirToPendragon
1216563,Derekloffin
1217776,Arriva436
1247651,Izanbardprince
1248285,Darqknight47
1250828,JackOfHearts
1251595,Apster
1252585,RPJ
1261938,Destinero
1268486,FallenWings47
1269043,ElNiñoMonstruo
1271507,Ujongbakuto
1276791,Jcarls1
1282992,Ariesk47
1286183,KSA13
1286782,Mr. Lampard
1287839,Kazimkazim08
1287973,Intruder007
1287978,Integermaxwell
1293433,MightyMoose22
1297623,Dafyd
1307725,Libatius
1309339,Clashwho
1309809,ShadowMark-182
1309821,MaxRebo120
1316703,Ctrl-Alt-Dimension
1319883,Abotnick
1321203,Leki
1324437,Azate
1332575,Lumiere
1346101,Gurko
1351772,Lordelliott
1352637,PeruAlonso
1363528,Olivewildes
1365433,DisneyGirlovestacos95
1367314,Dragonball1986
1367511,Jeffjrstewart
1369930,Lil-unique1
1381077,FGaribay
1392558,Cfeet77
1399216,MarkR06
1400595,Daniel Benfield
1401753,ED drama
1402155,Howabout90
1405766,Meersan
1416090,HailFire
1417318,Tigermichal
1422735,Senshi
1424443,DrKilleMoff
1441027,Hotcop2
1448701,Nightmare SE
1452636,Giantdevilfish
1461451,DracoRex90
1464240,-The-Rocket-147-
1464327,Thegoldentime1
1472882,DynSkeet
14742,67.171.180.209
1476967,Makeandtoss
1477462,Spyderchan
1479179,Shaneymike
1479505,Borkan85
1496184,Sdsoc
1496224,Cahyn
1496242,Boyceboye
1496716,Che84
1496799,Tkotw12
1499891,Boadrummer
15088,64.154.26.251
1512416,Ron 1987
1533939,Merretto
1534022,Crest of London
1535794,KL
1536050,Denjo
1536163,NedBot
1536866,Saintmagician
1537291,Kennethayes
1555298,Tlatosmd
1561440,Rudyindarto
1574618,Theplanetsaturn
1581492,Osh33m
1581493,Thecodingproject
1581745,Xls
1586665,Epavli1500
1599453,Street walker
1600768,ElvisFan1981
1607213,Heimdal
1609350,Rangond
1622338,Turkuun
1627254,Broken soul
1685527,Cyrus111
1704803,Spyrides
1705173,Mousega
1706732,Danielmordor
1707828,Linvoy4england
1713206,Zooba
1718481,Ammera
1719197,Shokuwarrior
1719613,GSorby
1720936,User142
1744064,RealWingus
1761526,Chrisarnesen
1791707,Migang2g
1791708,Celyndel
1799343,Phoenix of9
1800316,Zigthis
1802407,Gatoatigrado
1807671,Stan weller
1817725,Morten Haan
1833017,DivineShadow218
1847751,Aether7
1847895,Cocoapropo
1849335,Snapper2
1869118,Duckecho
1872399,Superlinus
1878243,Kadrun
1883263,Lgcsmasamiya
1887504,MarkGT
1902845,Mattgibbins
1905237,Ericystephi
1917017,Dan777
1919609,Yankeesrj12
1934489,No. 108
1955116,Seablade
1969867,FrasierC
1974704,Angel Emfrbl
1978336,WD RIK NEW
1979935,Arkhandar
1986615,Zaxxor
1997142,JoeJohnson2
2005131,Media67
2006948,Canihuan300
2007003,Rukario-sama
2009745,Angry Sun
2009965,Peter Vogel
2016482,GreekParadise
2022031,Barnstarbob
2022067,ETLamborghini
2027611,Darth21
2032221,BrianGroen
2035030,TheMightyPeanut
2049068,Lesahna01
2051000,Cybroleach
2051735,Saralleine
2052034,Eric the fever
2068690,Te Xuan Ze
2072025,Fantasydragon
2079475,Dudeman74
2079532,HellCat86
2137051,Souta
2140479,Kaka12o
2142720,Luasóg bot
21594,23skidoo
2173165,Drewdy
2181192,Askolnick
2181675,Dannybu2001
2184041,Spiritofstgeorge
2198014,Sammayel
2199837,Celebration81
2223978,DCF94
2239874,Captain Occam
2252251,Prod
2266268,Back to the Past 23
2286855,Xer
2299540,MiTfan3
230821,7mike5000
2308295,Doug Danner
2308534,JiHymas@himivest.com
2309346,Okashu
2324165,Dala11a
2346585,Sraan
2358493,Cormacalian
2371824,DJHerbie53
2397667,Nashcode
2397768,Ninadhardikar
2398111,Gintong Liwanag Ng Araw
2417172,Killswitch125
2424579,Eric car
2438052,Thornstrom
2452675,Zenithfel
2454710,Copydeskcat
2455033,Wdhamilton
2457332,Spinc5
2471791,Sunnydoo
2476947,Genedecanter
2500989,Fran z
2517457,Pjär80~enwiki
2521463,HowardStrong
2535468,DietLimeCola
2542899,Kiraroshi1976
2557811,Prisonbreak12345
2576293,Madz67
2591729,SummerLoveRit2010
2653525,AaronB0413
2659152,Charlie Inks
2659852,Woogie10w
2671856,Anywhere But Home
2672153,Stephenjamesx
2672183,Alec2011
2672225,Nicolescherzingerfan
26768,72.199.110.160
2708532,Sporting1905
2725669,Crashsnake
2729590,Hierro~enwiki
27480,24.19.246.101
2755381,Zmanm407
2756285,RM Gillespie
2756515,BobaFett85
2770775,Takiten
2772578,GM1995
2778169,Lotlil
2780678,Ace of Jokers
2780845,Wanderer32
2780988,DrippingInk
2782692,Sparks Fly
2785181,Jkaradell
2785246,Jay Starz
2809948,September88
2810832,Tj terrorible1
2833336,Elysander
2836910,TakaraLioness
284758,4.23.83.100
2866989,Alexander.Keays
2902572,GAThrawnIGF
2902887,Dencod16
2924840,Misterrspeedy
2926621,Tomoli
2931808,TonyJoe
2932821,Tube69
2932859,OxymoronNBG
2976135,VictorD7
2977278,Vertical123
2996325,SayCheese
2996690,Enfestid
2998385,MegaHL90
3010144,SlimShady6135
30225,96.232.126.111
3025677,Keith Okamoto
3043844,Keyne
3056064,Dedos07
3056373,Benz65
3068720,SlashFox14
3106951,Dieterdelavega
3114621,Nukualofa
3136086,Rimmers
3137272,Happyjam
3137440,Cory Malik
3137745,Jivesh boodhun
3225826,Love19886
3239423,KyleLandas
3305290,Bigshowandkane64
3308740,Sceptic Ashdod
3327610,Supergabbyshoe
3340043,Smilingfrog
3344911,Xela Yrag
3347795,Kagome 77
3357365,Bravehartbear
3384579,Paradissi
3393667,Digiwrld1
3404311,Fro81
3458199,Corleonebrother
3476582,Gonzerelli
3486482,Ccs4ever
3495573,Hanaichi
3500792,Fixed4u
3511067,AkiStuart
3582189,YouTubeFan124
3591935,Prajwal21
3625465,Dahumorist
3652087,HeadleyDown
3735842,$antander
3736251,DCrhD
3736398,Nonoyborbun
3777839,ErezR
3778905,Wikialexdx
3778953,XJMsa
3804875,Huo Xin
3812642,Nixus Minimax
3828044,JFKtruth
3861958,TheGoldenSamurai
3891611,Greco dani
3922707,Pokemaster Justin
3923208,Lancerex6
3923893,SideMaster
39697,71.76.219.92
3980145,Shawn88
4010359,UA Victory
4066635,Anappealtoheaven
4110967,Daishokaioshin
4121775,Lmalfaro
4151756,AngelCyke
4220365,McLeod1
4283486,EricaL2003
4308464,Hazerduz
4333618,Saturn 28
4338103,Rsf7589
4368025,Thomas Basboll
4434525,Johnnyauau2000
4437662,Rasnaboy
4448356,Ipodnano05
4476794,Musicalmelodygirl
4489045,BlazeHedgehog
4491683,Grandmastergalvatron
4537920,Lovetoadmire
4576886,Notdoppler
4607855,DreamingLady
4655110,Denham331
4673897,Lightsout
4767281,WhiteMinority
4832042,Rebajc3
4861483,Starkt
4932040,Sireafi
4970189,Smuri
5046409,Joesr55
5095718,Crowded
5188409,Umbric Man
5203110,Deaths in 2013
5215493,Grande13
5263474,Syedwaheedhussain
5271694,Mr. Monobrow
5282737,Rod14
5316565,FDJoshua22
5392100,Radmanich
5485923,Prefall
5532555,Aozz101x
5563132,Gefetane
5690260,The7thdr
5751992,HarryC15
576384,5 octaves
5813725,John Koveos
5814800,Alva9311
5825591,Ko2007
5949211,Ktmartell
5963169,Trewyy
5980917,Cryptonio
6069545,Powerade
6082971,Russell29
6175796,MazurJacek
6302012,MepH-66
6308072,The dugout
6447102,ZephyrWind
6473246,Ears4life
6515574,Order 66
6529205,Brianwazere
6595756,Tazz765
6608986,GraafGeorge
6761091,Political Cricketer
6995438,TheCursed
7050861,Checker Fred
7062689,DHanson317
7083161,Jhbboy1989
7084299,Tombstoneride
7118481,Krish!
7199141,Woodstock in Bangock
72129,72Dino
7390097,JonathanSrules
7390705,Pahajoki
7400834,Sokndal
7403930,N.Flen
7412906,Decodet
7429677,Ricky072
75555,23prootie
7763558,TV Shows Fan
7768967,Zakaria5000
7836013,محمد البكور
7892905,VIPER888
7893145,Rapid Editor
7905616,Slothgreen
7983111,Hookerj
7983387,Silencio faz bem
8010741,Gezuniga
8378627,Elliot9
8385544,Mystori33
8452807,Knight Whitefire
8602167,Deep blue 00
8616912,LiberatorLX
8645626,Mnunes76
8759271,Slotedpig
87939,24.253.120.206
9075375,JustMaria
9277323,Bigdog251
9361653,Harleyamber
9429536,Jacquesdurias
9546846,Cheater1908
9741203,Spottedstar
9958818,TheCharlesOne
10073795,Zylo1994
10190927,Chaoshi
10201703,Lisawinnie
10202864,Jazer22
10221790,Interpaul
10260454,Thaddeus Venture
10262500,TheEnglishWarrior11
10368245,Scofield 20
10400182,Johnny Master
10478246,Glock17gen4
10885981,Adam0303
11361155,Danieljuravsky
11415226,Yubiquitoyama
116043,70.46.70.11
11706026,Gqwu
11867605,Neo Yi
11933140,Akatsuki.sousui
11975932,JobbersAreCool
12006430,Robertpedley
122159,70.33.248.120
124207,67.190.113.165
124263,71.196.154.224
12469219,Icomparetv
12605825,Rowdycat
126821,64.251.48.178
12750218,Ctesjbuvf
129198,91.219.213.98
12967548,VanessaLuver4Ever
13012448,Hnygupta
13087708,NickSparrow
13458494,Yuugiking
14089415,Alex8city
14474472,Jsapaico
14567991,Cambazero
14682,172
14767825,THudson24
147890,60.234.242.196
14962,204.56.7.1
15061238,Morgan Tanawa-Bamba
15232802,Mharacute
15338324,Anachopra
15396327,Aa623
15487880,Wormwell
15503877,Nivrem110694
164195,74.73.110.46
16520,155.84.57.253
16701164,Ruckie84
16787450,ClueBot II
170320,86.122.224.23
17071542,Knighthammer
17310707,Satoryu
17329013,Vjecnobordo
17671518,Voices4ever
17801,842U
18146225,MrSalvatore
18146382,GleekVampire
18760,204.108.72.10
19172338,Niall Feighney
193213,74.117.109.220
20047492,TCwiki
20194396,Wkkim9292
203254,12.203.10.240
21318619,Maestr06
21365854,Verne2000
21503613,GoldenGashBell
21753029,Krivo4457
225175,85.74.77.117
22729205,Bagdad319
23582482,Jefmolina
24051435,By749b
24262179,Pamoon7
24744942,Live theory
2620623,1jake312
2998666,2.1 Jibbz
309851,71.232.197.134
313487,77.111.185.112
366698,66.192.176.30
380066,66.102.83.61
396496,99.109.89.82
399318,69.118.184.115
406375,88.110.114.92
412272,65.96.232.89
413639,24.148.9.119
431835,65.190.244.7
447453,74.183.173.237
501738,76.184.90.127
510460,24.76.120.37
535316,69.167.118.85
569252,66.56.183.61
574538,70.25.131.237
575687,68.46.186.126
576329,68.44.16.135
590565,68.82.82.248
594672,65.172.235.249
616439,84.106.90.249
623330,85.81.45.10
654782,68.9.211.120
674677,12.110.104.135
69899,207.74.196.20
724893,69.116.234.208
731729,82.38.243.43
736700,74.77.222.188
772928,24.49.83.40
782222,68.200.81.62
816016,87.72.28.126
828849,68.118.32.115
839073,71.61.8.75
840778,98.198.170.150
84606,187.110.233.28
862581,67.175.24.148
865855,71.196.154.124
86628,117Avenue
892568,98.196.40.126
905344,74.116.213.216
906607,64.50.203.36
957365,24.21.167.184
1007638,71.225.80.83
102539,214.13.4.151
1025573,81.208.36.91
102872,136.215.251.179
1046073,72.224.182.201
104615,210.49.191.69
1106677,65.96.234.178
1115015,68.173.46.79
112314,207.200.116.131
1177307,24.163.130.181
1190585,24.60.128.48
1203294,82.47.191.23
1228657,68.181.225.103
1251600,68.194.30.243
1281118,09aidepikiw
1285335,80.177.30.19
1293537,74.77.208.52
1297172,74.210.47.234
1360031,64.131.205.111
1388284,24.247.154.19
1453042,67.161.159.218
1509997,72.73.52.2
1535906,84.27.205.3
157311,145.229.156.40
170211,156.110.24.142
1707438,98.246.205.183
1707463,67.189.75.194
1725723,24.15.8.145
1796512,82.19.248.157
1898724,80.177.166.148
1917748,68.164.203.161
2106865,76.235.248.47
2148774,24.0.102.136
2163419,24.175.253.107
2173248,69.174.128.177
2173958,74.47.13.100
218586,131.220.68.177
2198673,65.102.219.81
224951,213.5.34.216
2309759,74.122.178.85
2447246,71.61.1.54
2455185,67.190.44.85
2558257,71.251.15.201
2670955,85.89.34.188
2702896,24.164.255.107
2799980,71.64.136.169
2811973,24.63.203.132
287207,213.16.179.102
2935821,64.94.168.10
3026332,66.108.233.96
3146910,66.16.80.57
3243148,71.224.198.39
3308297,76.92.82.114
3325672,68.83.240.87
3347172,24.184.73.106
3374397,69.121.129.97
3392658,24.52.225.47
3510301,82.23.101.75
35392,2001:db8
3778065,24.93.232.176
387126,129.133.140.172
387870,213.173.232.178
3892261,70.21.58.96
3921950,24.222.39.218
405140,208.65.188.149
4434417,69.138.252.170
4463223,74.173.190.86
451828,216.183.185.133
4646775,76.91.233.202
4744663,69.237.115.101
5903968,76.176.19.4
591412,174.111.68.211
6032384,71.106.42.135
6052790,71.225.14.235
6469437,62.240.182.75
6924461,24.20.221.144
7082206,65.31.96.14
7239790,68.195.232.74
727058,156.110.42.10
7359158,24.162.173.136
7673993,71.12.221.109
7953092,68.72.131.183
816183,189.6.140.40
8181485,67.242.156.6
821514,195.137.109.177
825846,205.240.227.15
8285581,72.23.175.247
8385798,24.238.231.190
8569929,81.152.185.165
8659979,65.35.195.82
9095584,72.187.46.255
9162182,81.159.159.207
9246193,87.192.56.51
9391249,67.184.110.91
1015847,122.108.140.210
10265124,67.86.124.43
1028588,154.20.217.225
10385204,71.167.66.76
10400163,71.10.231.99
1057371,206.81.51.187
10654122,24.62.120.172
1105738,173.171.83.140
1119321,121.1.53.45
11360883,24.30.107.95
11360905,72.137.223.200
11360912,71.106.10.167
11360918,71.106.7.156
11360950,66.65.117.5
11361081,70.19.220.224
11361094,70.19.239.168
1136343,189.87.58.52
1167181,202.128.225.52
12409176,66.65.30.212
12462894,74.89.66.184
1261484,190.10.0.64
12632687,71.244.16.24
12811664,82.29.191.218
12841740,71.1.144.59
12912980,79.97.52.128
13106548,69.125.42.50
1317514,206.248.248.221
13598476,98.247.221.220
1383524,147.9.178.147
13967295,77.163.144.206
14225650,80.168.224.204
14225787,71.113.3.120
14568115,79.74.126.232
1482698,216.153.214.94
17559440,70.181.196.26
18230667,75.57.170.128
18408225,80.108.144.120
18408325,66.56.243.81
19106529,92.118.109.97
19592865,69.138.120.6
1973130,108.228.145.163
2005181,172.250.31.151
2127109,212.241.67.98
2170149,216.27.107.126
2227133,121.54.92.21
23386860,76.238.33.222
23691225,99.227.64.232
24262688,76.238.20.74
24703876,99.4.113.51
25025831,68.186.24.76
2558305,108.14.97.230
2629788,231Yoko
2635984,995Star
2684535,138.67.16.92
2937108,204.10.8.10
30686345,98.154.188.242
32442980,71.173.84.78
3347868,173.64.182.93
3375080,172.148.120.101
34972650,74.193.250.188
4110926,148.202.98.96
4110928,207.59.236.72
4508297,123.2.235.134
5690127,149.152.216.49
8068142,213.112.123.232
8203979,193.254.223.141
8204048,193.254.223.142
9429586,202.137.123.32
10361792,213.112.123.66
11389762,174.135.73.248
12182308,213.112.127.234
12914461,173.171.83.147
14319632,121.139.172.90
18300318,206.223.233.31
24274388,108.9.242.87
24611832,202.69.164.253
32956115,179.223.33.95
32956507,179.223.108.80
